{
  "stats": {
    "submitted": 16,
    "finished": 15,
    "running": 1
  },
  "data": [
    [
      1,
      null,
      209652396,
      null,
      27.33812949640287,
      50.44474482536316,
      1,
      1686035782.4482646,
      1686035832.8941793,
      {}
    ],
    [
      2,
      null,
      209652396,
      null,
      25.899280575539564,
      137.08194231987,
      1,
      1686035832.9010718,
      1686035969.9843292,
      {}
    ],
    [
      3,
      null,
      209652396,
      null,
      23.741007194244602,
      132.5934281349182,
      1,
      1686035969.988895,
      1686036102.584068,
      {}
    ],
    [
      4,
      null,
      209652396,
      null,
      21.58273381294964,
      130.46933341026306,
      1,
      1686036102.587618,
      1686036233.0582469,
      {}
    ],
    [
      5,
      null,
      209652396,
      null,
      25.899280575539564,
      96.99918270111084,
      1,
      1686036233.061869,
      1686036330.0626633,
      {}
    ],
    [
      6,
      null,
      209652396,
      null,
      25.17985611510791,
      112.92439842224121,
      1,
      1686036330.0665514,
      1686036442.9927473,
      {}
    ],
    [
      7,
      null,
      209652396,
      null,
      22.302158273381295,
      129.18891835212708,
      1,
      1686036442.9967158,
      1686036572.1873686,
      {}
    ],
    [
      8,
      null,
      209652396,
      null,
      26.618705035971217,
      74.34480166435242,
      1,
      1686036572.1914132,
      1686036646.5379117,
      {}
    ],
    [
      9,
      null,
      209652396,
      null,
      25.899280575539564,
      126.53441119194031,
      1,
      1686036646.5412457,
      1686036773.0769439,
      {}
    ],
    [
      10,
      null,
      209652396,
      null,
      22.302158273381295,
      71.35830783843994,
      1,
      1686036773.0802975,
      1686036844.4399285,
      {}
    ],
    [
      11,
      null,
      209652396,
      null,
      25.17985611510791,
      132.09893989562988,
      1,
      1686036844.4441142,
      1686036976.544795,
      {}
    ],
    [
      12,
      null,
      209652396,
      null,
      30.2158273381295,
      128.55568289756775,
      1,
      1686036976.5490994,
      1686037105.106614,
      {}
    ],
    [
      13,
      null,
      209652396,
      null,
      25.17985611510791,
      114.32515382766724,
      1,
      1686037105.1108918,
      1686037219.437851,
      {}
    ],
    [
      14,
      null,
      209652396,
      null,
      24.460431654676256,
      161.2257785797119,
      1,
      1686037219.442128,
      1686037380.6696463,
      {}
    ],
    [
      15,
      null,
      209652396,
      null,
      28.05755395683454,
      90.54837250709534,
      1,
      1686037380.6732426,
      1686037471.2229586,
      {}
    ],
    [
      16,
      null,
      209652396,
      null,
      2147483647.0,
      0.0,
      0,
      0.0,
      0.0,
      {}
    ]
  ],
  "configs": {
    "1": {
      "CTW": "ctwav",
      "GAD": "none",
      "GAS": "gas",
      "MK": "mk",
      "REGAD": "none",
      "REGAS": "regas",
      "REMK": "none",
      "RERP": "none",
      "RP": "none",
      "TRGAD": "none",
      "TRGAS": "trgas",
      "TRMK": "none",
      "TRRP": "trrp",
      "n_cells": 1,
      "n_dims": 24,
      "n_stage": 4
    },
    "2": {
      "CTW": "none",
      "GAD": "gad",
      "GAS": "none",
      "MK": "none",
      "REGAD": "regad",
      "REGAS": "none",
      "REMK": "remk",
      "RERP": "rerp",
      "RP": "rp",
      "TRGAD": "trgad",
      "TRGAS": "none",
      "TRMK": "trmk",
      "TRRP": "none",
      "n_cells": 2,
      "n_dims": 17,
      "n_stage": 3
    },
    "3": {
      "CTW": "none",
      "GAD": "none",
      "GAS": "gas",
      "MK": "mk",
      "REGAD": "regad",
      "REGAS": "none",
      "REMK": "none",
      "RERP": "rerp",
      "RP": "rp",
      "TRGAD": "trgad",
      "TRGAS": "none",
      "TRMK": "trmk",
      "TRRP": "trrp",
      "n_cells": 2,
      "n_dims": 14,
      "n_stage": 3
    },
    "4": {
      "CTW": "ctwav",
      "GAD": "gad",
      "GAS": "none",
      "MK": "none",
      "REGAD": "none",
      "REGAS": "regas",
      "REMK": "remk",
      "RERP": "none",
      "RP": "none",
      "TRGAD": "none",
      "TRGAS": "trgas",
      "TRMK": "none",
      "TRRP": "none",
      "n_cells": 3,
      "n_dims": 20,
      "n_stage": 2
    },
    "5": {
      "CTW": "ctwav",
      "GAD": "none",
      "GAS": "none",
      "MK": "none",
      "REGAD": "none",
      "REGAS": "regas",
      "REMK": "none",
      "RERP": "rerp",
      "RP": "rp",
      "TRGAD": "trgad",
      "TRGAS": "none",
      "TRMK": "none",
      "TRRP": "trrp",
      "n_cells": 2,
      "n_dims": 19,
      "n_stage": 2
    },
    "6": {
      "CTW": "none",
      "GAD": "gad",
      "GAS": "gas",
      "MK": "mk",
      "REGAD": "regad",
      "REGAS": "none",
      "REMK": "remk",
      "RERP": "none",
      "RP": "none",
      "TRGAD": "none",
      "TRGAS": "trgas",
      "TRMK": "trmk",
      "TRRP": "none",
      "n_cells": 1,
      "n_dims": 13,
      "n_stage": 4
    },
    "7": {
      "CTW": "none",
      "GAD": "none",
      "GAS": "none",
      "MK": "none",
      "REGAD": "regad",
      "REGAS": "none",
      "REMK": "none",
      "RERP": "none",
      "RP": "none",
      "TRGAD": "none",
      "TRGAS": "trgas",
      "TRMK": "trmk",
      "TRRP": "trrp",
      "n_cells": 3,
      "n_dims": 16,
      "n_stage": 2
    },
    "8": {
      "CTW": "ctwav",
      "GAD": "gad",
      "GAS": "gas",
      "MK": "mk",
      "REGAD": "none",
      "REGAS": "regas",
      "REMK": "remk",
      "RERP": "rerp",
      "RP": "rp",
      "TRGAD": "trgad",
      "TRGAS": "none",
      "TRMK": "none",
      "TRRP": "none",
      "n_cells": 2,
      "n_dims": 23,
      "n_stage": 4
    },
    "9": {
      "CTW": "ctwav",
      "GAD": "none",
      "GAS": "none",
      "MK": "mk",
      "REGAD": "regad",
      "REGAS": "regas",
      "REMK": "none",
      "RERP": "rerp",
      "RP": "rp",
      "TRGAD": "none",
      "TRGAS": "none",
      "TRMK": "none",
      "TRRP": "none",
      "n_cells": 3,
      "n_dims": 13,
      "n_stage": 2
    },
    "10": {
      "CTW": "none",
      "GAD": "gad",
      "GAS": "gas",
      "MK": "none",
      "REGAD": "none",
      "REGAS": "none",
      "REMK": "remk",
      "RERP": "none",
      "RP": "none",
      "TRGAD": "trgad",
      "TRGAS": "trgas",
      "TRMK": "trmk",
      "TRRP": "trrp",
      "n_cells": 2,
      "n_dims": 20,
      "n_stage": 4
    },
    "11": {
      "CTW": "none",
      "GAD": "none",
      "GAS": "none",
      "MK": "mk",
      "REGAD": "none",
      "REGAS": "none",
      "REMK": "none",
      "RERP": "none",
      "RP": "none",
      "TRGAD": "trgad",
      "TRGAS": "trgas",
      "TRMK": "trmk",
      "TRRP": "none",
      "n_cells": 3,
      "n_dims": 23,
      "n_stage": 2
    },
    "12": {
      "CTW": "ctwav",
      "GAD": "gad",
      "GAS": "gas",
      "MK": "none",
      "REGAD": "regad",
      "REGAS": "regas",
      "REMK": "remk",
      "RERP": "rerp",
      "RP": "rp",
      "TRGAD": "none",
      "TRGAS": "none",
      "TRMK": "none",
      "TRRP": "trrp",
      "n_cells": 1,
      "n_dims": 17,
      "n_stage": 4
    },
    "13": {
      "CTW": "ctwav",
      "GAD": "none",
      "GAS": "gas",
      "MK": "none",
      "REGAD": "regad",
      "REGAS": "regas",
      "REMK": "none",
      "RERP": "none",
      "RP": "none",
      "TRGAD": "trgad",
      "TRGAS": "trgas",
      "TRMK": "none",
      "TRRP": "none",
      "n_cells": 1,
      "n_dims": 16,
      "n_stage": 4
    },
    "14": {
      "CTW": "none",
      "GAD": "gad",
      "GAS": "none",
      "MK": "mk",
      "REGAD": "none",
      "REGAS": "none",
      "REMK": "remk",
      "RERP": "rerp",
      "RP": "rp",
      "TRGAD": "none",
      "TRGAS": "none",
      "TRMK": "trmk",
      "TRRP": "trrp",
      "n_cells": 3,