{
  "incumbent_ids": [
    22
  ],
  "rejected_config_ids": [
    1,
    3,
    4
  ],
  "incumbents_changed": 4,
  "trajectory": [
    {
      "config_ids": [
        1
      ],
      "costs": [
        100.0
      ],
      "trial": 1,
      "walltime": 21.471226692199707
    },
    {
      "config_ids": [
        3
      ],
      "costs": [
        41.68071586045908
      ],
      "trial": 3,
      "walltime": 8547.92499947548
    },
    {
      "config_ids": [
        4
      ],
      "costs": [
        37.53080015562184
      ],
      "trial": 4,
      "walltime": 16745.824993133545
    },
    {
      "config_ids": [
        22
      ],
      "costs": [
        35.39099987031513
      ],
      "trial": 22,
      "walltime": 91105.9500632286
    }
  ],
  "state": {
    "queue": [
      [
        100,
        1
      ]
    ]
  }
}