{
  "stats": {
    "submitted": 24,
    "finished": 23,
    "running": 1
  },
  "data": [
    [
      1,
      null,
      209652396,
      null,
      27.33812949640287,
      118.71904373168945,
      1,
      1685971752.7484562,
      1685971871.469098,
      {}
    ],
    [
      2,
      null,
      209652396,
      null,
      24.460431654676256,
      122.83983731269836,
      1,
      1685971871.4720016,
      1685971994.313156,
      {}
    ],
    [
      3,
      null,
      209652396,
      null,
      24.460431654676256,
      112.36055755615234,
      1,
      1685971994.3169506,
      1685972106.6788788,
      {}
    ],
    [
      4,
      null,
      209652396,
      null,
      24.460431654676256,
      120.37916111946106,
      1,
      1685972106.682147,
      1685972227.063041,
      {}
    ],
    [
      5,
      null,
      209652396,
      null,
      27.33812949640287,
      114.73319983482361,
      1,
      1685972227.0682788,
      1685972341.8033078,
      {}
    ],
    [
      6,
      null,
      209652396,
      null,
      25.17985611510791,
      111.72605752944946,
      1,
      1685972341.806451,
      1685972453.533897,
      {}
    ],
    [
      7,
      null,
      209652396,
      null,
      25.899280575539564,
      108.24956130981445,
      1,
      1685972453.5371218,
      1685972561.7880626,
      {}
    ],
    [
      8,
      null,
      209652396,
      null,
      23.741007194244602,
      166.1693036556244,
      1,
      1685972561.7913961,
      1685972727.9620845,
      {}
    ],
    [
      9,
      null,
      209652396,
      null,
      25.899280575539564,
      163.33340978622437,
      1,
      1685972728.2324777,
      1685972891.567365,
      {}
    ],
    [
      10,
      null,
      209652396,
      null,
      28.05755395683454,
      109.42894315719604,
      1,
      1685972891.5707839,
      1685973001.0010548,
      {}
    ],
    [
      11,
      null,
      209652396,
      null,
      24.460431654676256,
      115.12605667114258,
      1,
      1685973001.0046976,
      1685973116.1320562,
      {}
    ],
    [
      12,
      null,
      209652396,
      null,
      28.776978417266193,
      124.03096103668213,
      1,
      1685973116.1356037,
      1685973240.1687996,
      {}
    ],
    [
      13,
      null,
      209652396,
      null,
      24.460431654676256,
      106.45824313163757,
      1,
      1685973240.1724122,
      1685973346.632006,
      {}
    ],
    [
      14,
      null,
      209652396,
      null,
      25.17985611510791,
      146.11208534240723,
      1,
      1685973346.635677,
      1685973492.749054,
      {}
    ],
    [
      15,
      null,
      209652396,
      null,
      26.618705035971217,
      151.25381731987,
      1,
      1685973492.7528226,
      1685973644.0079246,
      {}
    ],
    [
      16,
      null,
      209652396,
      null,
      26.618705035971217,
      97.79325890541077,
      1,
      1685973644.0116394,
      1685973741.8061953,
      {}
    ],
    [
      17,
      null,
      209652396,
      null,
      27.33812949640287,
      145.49921131134033,
      1,
      1685973742.129632,
      1685973887.630045,
      {}
    ],
    [
      18,
      null,
      209652396,
      null,
      27.33812949640287,
      167.82351899147034,
      1,
      1685973887.6339505,
      1685974055.4588299,
      {}
    ],
    [
      19,
      null,
      209652396,
      null,
      23.741007194244602,
      113.30575823783875,
      1,
      1685974055.4629142,
      1685974168.7700462,
      {}
    ],
    [
      20,
      null,
      209652396,
      null,
      20.143884892086334,
      110.42394161224365,
      1,
      1685974168.7741385,
      1685974279.1995585,
      {}
    ],
    [
      21,
      null,
      209652396,
      null,
      24.460431654676256,
      105.97097420692444,
      1,
      1685974279.2057521,
      1685974385.1785033,
      {}
    ],
    [
      22,
      null,
      209652396,
      null,
      28.776978417266193,
      111.7162537574768,
      1,
      1685974385.1833546,
      1685974496.9009109,
      {}
    ],
    [
      23,
      null,
      209652396,
      null,
      27.33812949640287,
      93.69333696365356,
      1,
      1685974496.905727,
      1685974590.600398,
      {}
    ],
    [
      24,
      null,
      209652396,
      null,
      2147483647.0,
      0.0,
      0,
      0.0,
      0.0,
      {}
    ]
  ],
  "configs": {
    "1": {
      "CTW": "ctwav",
      "GAD": "none",
      "GAS": "gas",
      "MK": "mk",
      "REGAD": "none",
      "REGAS": "regas",
      "REMK": "none",
      "RERP": "none",
      "RP": "none",
      "TRGAD": "none",
      "TRGAS": "trgas",
      "TRMK": "none",
      "TRRP": "trrp",
      "n_cells": 2,
      "n_dims": 12,
      "n_stage": 4
    },
    "2": {
      "CTW": "none",
      "GAD": "gad",
      "GAS": "none",
      "MK": "none",
      "REGAD": "regad",
      "REGAS": "none",
      "REMK": "remk",
      "RERP": "rerp",
      "RP": "rp",
      "TRGAD": "trgad",
      "TRGAS": "none",
      "TRMK": "trmk",
      "TRRP": "none",
      "n_cells": 3,
      "n_dims": 11,
      "n_stage": 3
    },
    "3": {
      "CTW": "none",
      "GAD": "none",
      "GAS": "gas",
      "MK": "mk",
      "REGAD": "regad",
      "REGAS": "none",
      "REMK": "none",
      "RERP": "rerp",
      "RP": "rp",
      "TRGAD": "trgad",
      "TRGAS": "none",
      "TRMK": "trmk",
      "TRRP": "trrp",
      "n_cells": 2,
      "n_dims": 10,
      "n_stage": 4
    },
    "4": {
      "CTW": "ctwav",
      "GAD": "gad",
      "GAS": "none",
      "MK": "none",
      "REGAD": "none",
      "REGAS": "regas",
      "REMK": "remk",
      "RERP": "none",
      "RP": "none",
      "TRGAD": "none",
      "TRGAS": "trgas",
      "TRMK": "none",
      "TRRP": "none",
      "n_cells": 3,
      "n_dims": 12,
      "n_stage": 3
    },
    "5": {
      "CTW": "ctwav",
      "GAD": "none",
      "GAS": "none",
      "MK": "none",
      "REGAD": "none",
      "REGAS": "regas",
      "REMK": "none",
      "RERP": "rerp",
      "RP": "rp",
      "TRGAD": "trgad",
      "TRGAS": "none",
      "TRMK": "none",
      "TRRP": "trrp",
      "n_cells": 3,
      "n_dims": 11,
      "n_stage": 3
    },
    "6": {
      "CTW": "none",
      "GAD": "gad",
      "GAS": "gas",
      "MK": "mk",
      "REGAD": "regad",
      "REGAS": "none",
      "REMK": "remk",
      "RERP": "none",
      "RP": "none",
      "TRGAD": "none",
      "TRGAS": "trgas",
      "TRMK": "trmk",
      "TRRP": "none",
      "n_cells": 2,
      "n_dims": 10,
      "n_stage": 4
    },
    "7": {
      "CTW": "none",
      "GAD": "none",
      "GAS": "none",
      "MK": "none",
      "REGAD": "regad",
      "REGAS": "none",
      "REMK": "none",
      "RERP": "none",
      "RP": "none",
      "TRGAD": "none",
      "TRGAS": "trgas",
      "TRMK": "trmk",
      "TRRP": "trrp",
      "n_cells": 3,
      "n_dims": 11,
      "n_stage": 3
    },
    "8": {
      "CTW": "ctwav",
      "GAD": "gad",
      "GAS": "none",
      "MK": "mk",
      "REGAD": "regad",
      "REGAS": "regas",
      "REMK": "remk",
      "RERP": "none",
      "RP": "none",
      "TRGAD": "trgad",
      "TRGAS": "trgas",
      "TRMK": "trmk",
      "TRRP": "none",
      "n_cells": 3,
      "n_dims": 12,
      "n_stage": 4
    },
    "9": {
      "CTW": "ctwav",
      "GAD": "gad",
      "GAS": "none",
      "MK": "mk",
      "REGAD": "regad",
      "REGAS": "regas",
      "REMK": "remk",
      "RERP": "rerp",
      "RP": "none",
      "TRGAD": "trgad",
      "TRGAS": "trgas",
      "TRMK": "none",
      "TRRP": "none",
      "n_cells": 3,
      "n_dims": 12,
      "n_stage": 4
    },
    "10": {
      "CTW": "ctwav",
      "GAD": "none",
      "GAS": "none",
      "MK": "mk",
      "REGAD": "regad",
      "REGAS": "regas",
      "REMK": "remk",
      "RERP": "rerp",
      "RP": "none",
      "TRGAD": "trgad",
      "TRGAS": "trgas",