{
  "incumbent_ids": [
    20
  ],
  "rejected_config_ids": [
    1,
    3
  ],
  "incumbents_changed": 3,
  "trajectory": [
    {
      "config_ids": [
        1
      ],
      "costs": [
        29.02347296070549
      ],
      "trial": 1,
      "walltime": 1271.5133905410767
    },
    {
      "config_ids": [
        3
      ],
      "costs": [
        28.66035533653222
      ],
      "trial": 3,
      "walltime": 5223.361077785492
    },
    {
      "config_ids": [
        20
      ],
      "costs": [
        26.15743742705226
      ],
      "trial": 20,
      "walltime": 34884.52224969864
    }
  ],
  "state": {
    "queue": [
      [
        98,
        1
      ]
    ]
  }
}