{
  "incumbent_ids": [
    8
  ],
  "rejected_config_ids": [
    1
  ],
  "incumbents_changed": 2,
  "trajectory": [
    {
      "config_ids": [
        1
      ],
      "costs": [
        19.33333333333333
      ],
      "trial": 1,
      "walltime": 2415.247167825699
    },
    {
      "config_ids": [
        8
      ],
      "costs": [
        17.66666666666667
      ],
      "trial": 8,
      "walltime": 18781.974526643753
    }
  ],
  "state": {
    "queue": [
      [
        10,
        1
      ]
    ]
  }
}